NAME|MESSAGE_CODE|ICON
D2E|expansion.d2e|default.jpg
DCK|expansion.dck|default.jpg
LotW|expansion.lotw|Lair_of_the_Wyrm.jpg
LoR|expansion.lor|Labyrinth_of_Ruin.jpg
TT|expansion.tt|The_Trollfens.jpg
SoN|expansion.son|Shadow_of_Nerekhall.jpg
MoR|expansion.mor|Manor_of_Ravens.jpg
OotO|expansion.ooto|default.jpg
CoD|expansion.cod|default.jpg
CotF|expansion.cotf|default.jpg
GoD|expansion.god|default.jpg
VoD|expansion.vod|default.jpg
BotW|expansion.botw|default.jpg
ToC|expansion.toc|default.jpg
SotS|expansion.sots|default.jpg
Splig|expansion.splig|default.jpg
Belthir|expansion.belthir|default.jpg
Zachareth|expansion.zachareth|default.jpg
AlricFarrow|expansion.alricfarrow|default.jpg
MerickFarrow|expansion.merickfarrow|default.jpg
ElizaFarrow|expansion.elizafarrow|default.jpg
Valyndra|expansion.valyndra|default.jpg
Raythen|expansion.raythen|default.jpg
Serena|expansion.serena|default.jpg
Ariad|expansion.ariad|default.jpg
QueenAriad|expansion.queenariad|default.jpg
BolGoreth|expansion.bolgoreth|default.jpg
RylanOlliven|expansion.rylanolliven|default.jpg
Verminous|expansion.verminous|default.jpg
TristayneOlliven|expansion.tristayneolliven|default.jpg
GarganMirklace|expansion.garganmirklace|default.jpg
Skarn|expansion.skarn|default.jpg
Kyndrithul|expansion.kyndrithul|default.jpg
Zarihell|expansion.zarihell|default.jpg
ArdusIxErebus|expansion.ardusixerebus|default.jpg
